sequence,server_id,client_id
1,10051,9132
2,10052,9133
3,10053,9134
4,10054,9135
5,10055,9136
6,10056,9137
7,10057,9138
8,10058,9139
9,10059,9140
10,10060,9141
11,10061,9142
12,10062,9143
13,10063,9144
14,10064,9145
15,10065,9146
16,10066,9147
17,10067,9148
18,10068,9149
19,10069,9150
20,10070,9151
21,10071,9152
22,10072,9153
23,10073,9154
24,10074,9155
25,10075,9156
26,10076,9157
27,10077,9158
28,10078,9159
29,10079,9160
30,10080,9161
31,10081,9162
32,10082,9163
33,10083,9164
34,10084,9165
35,10085,9166
36,10086,9167
37,10088,9169
38,10089,9170
39,10090,9171
40,10092,9173
41,10093,9174
42,10094,9175
43,10095,9176
44,10096,9178
45,10097,9179
46,10098,9180
47,10099,9181
48,10100,9182
49,10101,9183
50,10102,9184
51,10103,9185
52,10104,9186
53,10105,9187
54,10106,9188
55,10107,9189
56,10108,9190
57,10109,9191
58,10110,9192
59,10111,9193
60,10112,9194
61,10113,9195
62,10114,9196
63,10115,9197
64,10116,9198
65,10117,9199
66,10118,9200
67,10119,9201
68,10120,9202
69,10121,9203
70,10122,9204
71,10123,9205
72,10124,9206
73,10125,9207
74,10126,9208
75,10128,9210
76,10129,9211
77,10131,9213
78,10132,9214
79,10133,9215
80,10134,9216
81,10135,9217
82,10136,9218
83,10137,9219
84,10138,9220
85,10139,9221
86,10140,9222
87,10141,9223
88,10142,9224
89,10143,9225
90,10144,9226
91,10145,9227
92,10146,9228
93,10147,9229
94,10148,9230
95,10149,9231
96,10151,9233
97,10153,9235
98,10154,9236
99,10155,9237
100,10156,9238
