sequence,server_id,client_id,source_client_id,source_path
1,10051,9132,5061,item_5061_860v2-v2.obd
2,10052,9133,5062,item_5062_860v2-v2.obd
3,10053,9134,5063,item_5063_860v2-v2.obd
4,10054,9135,5064,item_5064_860v2-v2.obd
5,10055,9136,5065,item_5065_860v2-v2.obd
6,10056,9137,5066,item_5066_860v2-v2.obd
7,10057,9138,5067,item_5067_860v2-v2.obd
8,10058,9139,7593,item_7593_860v2-v2.obd
9,10059,9140,7595,item_7595_860v2-v2.obd
10,10060,9141,7596,item_7596_860v2-v2.obd
11,10061,9142,7597,item_7597_860v2-v2.obd
12,10062,9143,7598,item_7598_860v2-v2.obd
13,10063,9144,7599,item_7599_860v2-v2.obd
14,10064,9145,7600,item_7600_860v2-v2.obd
15,10065,9146,7601,item_7601_860v2-v2.obd
16,10066,9147,7605,item_7605_860v2-v2.obd
17,10067,9148,7606,item_7606_860v2-v2.obd
18,10068,9149,7607,item_7607_860v2-v2.obd
19,10069,9150,7608,item_7608_860v2-v2.obd
20,10070,9151,7609,item_7609_860v2-v2.obd
21,10071,9152,7610,item_7610_860v2-v2.obd
22,10072,9153,7611,item_7611_860v2-v2.obd
23,10073,9154,7612,item_7612_860v2-v2.obd
24,10074,9155,7613,item_7613_860v2-v2.obd
25,10075,9156,7614,item_7614_860v2-v2.obd
26,10076,9157,7615,item_7615_860v2-v2.obd
27,10077,9158,7616,item_7616_860v2-v2.obd
28,10078,9159,12356,item_12356_860v2-v2.obd
29,10079,9160,12357,item_12357_860v2-v2.obd
30,10080,9161,12358,item_12358_860v2-v2.obd
31,10081,9162,12359,item_12359_860v2-v2.obd
32,10082,9163,12360,item_12360_860v2-v2.obd
33,10083,9164,12361,item_12361_860v2-v2.obd
34,10084,9165,12362,item_12362_860v2-v2.obd
35,10085,9166,12363,item_12363_860v2-v2.obd
36,10086,9167,12364,item_12364_860v2-v2.obd
37,10088,9169,12365,item_12365_860v2-v2.obd
38,10089,9170,12366,item_12366_860v2-v2.obd
39,10090,9171,12367,item_12367_860v2-v2.obd
40,10092,9173,12379,item_12379_860v2-v2.obd
41,10093,9174,12380,item_12380_860v2-v2.obd
42,10094,9175,12381,item_12381_860v2-v2.obd
43,10095,9176,12382,item_12382_860v2-v2.obd
44,10096,9178,12383,item_12383_860v2-v2.obd
45,10097,9179,12384,item_12384_860v2-v2.obd
46,10098,9180,12385,item_12385_860v2-v2.obd
47,10099,9181,12386,item_12386_860v2-v2.obd
48,10100,9182,14100,item_14100_860v2-v2.obd
49,10101,9183,14101,item_14101_860v2-v2.obd
50,10102,9184,14102,item_14102_860v2-v2.obd
51,10103,9185,14103,item_14103_860v2-v2.obd
52,10104,9186,14104,item_14104_860v2-v2.obd
53,10105,9187,14105,item_14105_860v2-v2.obd
54,10106,9188,14106,item_14106_860v2-v2.obd
55,10107,9189,14107,item_14107_860v2-v2.obd
56,10108,9190,14108,item_14108_860v2-v2.obd
57,10109,9191,14109,item_14109_860v2-v2.obd
58,10110,9192,14110,item_14110_860v2-v2.obd
59,10111,9193,14111,item_14111_860v2-v2.obd
60,10112,9194,14113,item_14113_860v2-v2.obd
61,10113,9195,14114,item_14114_860v2-v2.obd
62,10114,9196,14115,item_14115_860v2-v2.obd
63,10115,9197,14116,item_14116_860v2-v2.obd
64,10116,9198,14117,item_14117_860v2-v2.obd
65,10117,9199,14118,item_14118_860v2-v2.obd
66,10118,9200,14119,item_14119_860v2-v2.obd
67,10119,9201,14120,item_14120_860v2-v2.obd
68,10120,9202,14121,item_14121_860v2-v2.obd
69,10121,9203,14122,item_14122_860v2-v2.obd
70,10122,9204,14123,item_14123_860v2-v2.obd
71,10123,9205,14124,item_14124_860v2-v2.obd
72,10124,9206,14125,item_14125_860v2-v2.obd
73,10125,9207,14126,item_14126_860v2-v2.obd
74,10126,9208,14127,item_14127_860v2-v2.obd
75,10128,9210,14128,item_14128_860v2-v2.obd
76,10129,9211,14129,item_14129_860v2-v2.obd
77,10131,9213,14130,item_14130_860v2-v2.obd
78,10132,9214,14131,item_14131_860v2-v2.obd
79,10133,9215,14132,item_14132_860v2-v2.obd
80,10134,9216,14141,item_14141_860v2-v2.obd
81,10135,9217,14144,item_14144_860v2-v2.obd
82,10136,9218,14145,item_14145_860v2-v2.obd
83,10137,9219,14146,item_14146_860v2-v2.obd
84,10138,9220,14147,item_14147_860v2-v2.obd
85,10139,9221,14148,item_14148_860v2-v2.obd
86,10140,9222,14149,item_14149_860v2-v2.obd
87,10141,9223,14150,item_14150_860v2-v2.obd
88,10142,9224,14151,item_14151_860v2-v2.obd
89,10143,9225,21488,item_21488_860v2-v2.obd
90,10144,9226,21489,item_21489_860v2-v2.obd
91,10145,9227,21490,item_21490_860v2-v2.obd
92,10146,9228,21491,item_21491_860v2-v2.obd
93,10147,9229,21492,item_21492_860v2-v2.obd
94,10148,9230,21493,item_21493_860v2-v2.obd
95,10149,9231,21494,item_21494_860v2-v2.obd
96,10151,9233,21495,item_21495_860v2-v2.obd
97,10153,9235,21496,item_21496_860v2-v2.obd
98,10154,9236,21497,item_21497_860v2-v2.obd
99,10155,9237,21498,item_21498_860v2-v2.obd
100,10156,9238,21499,item_21499_860v2-v2.obd
